topic_code,primary_houses,primary_planets,secondary_planets,description
health,"6|12","Mercury|Saturn","",Health is shaped by daily routines and long-term constraints. The 6th house defines habits and maintenance of the body, while the 12th house shows chronic conditions and psychosomatic factors. Mercury influences nervous regulation and adaptability, Saturn indicates vulnerability, endurance and limits.
career,"10","Sun|Saturn","Jupiter",Career and social status are driven by the 10th house. The Sun defines visibility, ambition and self-expression in the world, Saturn sets hierarchy, responsibility and long-term achievement. Jupiter expands opportunities and professional growth.
relationships,"7","Venus","Moon",Relationships are centered in the 7th house as the field of partnership and cooperation. Venus governs attraction, harmony and mutual interest, while the Moon adds emotional bonding and dependency patterns.
family,"4","Moon","Saturn",Family and roots belong to the 4th house. The Moon shapes emotional security, attachment and the sense of home. Saturn reflects family structure, traditions and inherited responsibilities.
spirituality,"12","Neptune","Jupiter",Spiritual development unfolds through the 12th house as a zone of transcendence and inner dissolution. Neptune governs faith, surrender and mystical perception, while Jupiter gives meaning, belief systems and spiritual expansion.
finances,"2|8","Venus","Pluto",Financial matters are distributed between the 2nd and 8th houses. The 2nd house governs personal income and values, the 8th house controls shared resources and financial transformations. Venus defines attraction to resources, Pluto intensifies gain, loss and power dynamics.
self_realization,"1|10","Sun","",Self-realization is formed through personal identity and public expression. The 1st house shows how the personality manifests, the 10th house shows how it is realized socially. The Sun acts as the core driver of purpose and creative will.
education,"3|9","Mercury|Jupiter","",Education spans from basic learning to higher knowledge. The 3rd house governs information exchange and skills, the 9th house governs worldview and advanced education. Mercury manages learning processes, Jupiter expands understanding and philosophy.
children,"5","Sun","Venus",Children and creative continuation belong to the 5th house. The Sun represents personal projection and legacy, Venus adds affection, joy and emotional warmth in relationships with children.
travel,"3|9","Mercury|Jupiter","",Travel is defined by movement across distances. The 3rd house indicates short trips and mobility, the 9th house long journeys and exploration. Mercury governs movement and logistics, Jupiter governs distant travel and expansion.
communication,"3","Mercury","",Communication is concentrated in the 3rd house. Mercury governs speech, writing, information flow and intellectual exchange, defining how easily and effectively interaction occurs.
creativity,"5","Sun","Venus",Creativity is expressed through the 5th house as personal self-expression. The Sun provides creative drive and originality, Venus enhances aesthetics, pleasure and artistic enjoyment.
sexuality,"5|8","Venus|Mars","",Sexuality combines pleasure and intensity. The 5th house reflects romantic attraction and desire, the 8th house reflects deep intimacy and instinctual bonding. Venus governs attraction, Mars governs physical drive and passion.
power_authority,"10","Sun|Saturn","",Power and authority are manifested through the 10th house. The Sun represents leadership and command, Saturn defines control, legitimacy and structural power.
social_circle,"11","Uranus","Jupiter",Social networks and collective involvement belong to the 11th house. Uranus governs unconventional connections and freedom within groups, Jupiter expands social influence and shared goals.
friendship,"11","Venus","Uranus",Friendship develops through the 11th house. Venus brings affinity and mutual sympathy, Uranus adds independence and non-traditional forms of connection.
service,"6","Mercury","Saturn",Service and work routines belong to the 6th house. Mercury governs tasks, skills and efficiency, Saturn adds discipline, duty and long-term obligations.
karma,"8|12","Saturn","Pluto",Karmic processes operate through crisis and transcendence. The 8th house reflects transformation through loss and renewal, the 12th house dissolution of past patterns. Saturn represents karmic lessons, Pluto deep irreversible change.
isolation,"12","Neptune","",Isolation and withdrawal are governed by the 12th house. Neptune dissolves boundaries, increasing sensitivity, vulnerability and inner perception.
work_routine,"6","Mercury","",Daily work and routines are structured by the 6th house. Mercury governs repetitive tasks, skills, coordination and adaptability in everyday responsibilities.
home_security,"4","Moon","",Home and emotional security belong to the 4th house. The Moon shapes comfort, attachment, emotional stability and the need for protection.
values,"2","Venus","",Personal values and self-worth are centered in the 2nd house. Venus defines what is considered valuable, desirable and worthy of preservation.
crisis_transformation,"8","Pluto","Mars",Crisis and transformation occur through the 8th house. Pluto drives deep psychological change, while Mars provides the force to confront and survive extreme situations.