"planet,house_number,summary,detailed_description,life_area_focus,inner_conflicts,created_at"
"Sun,1,""Strong need to be seen as a distinct personality"",""Core identity is closely tied to self image and personal initiative. The person experiences life as a stage where they must show who they are through direct action. There is a strong drive to lead and to start things independently. Feedback from the environment about their presence strongly affects self esteem."",""Self image; physical vitality; first impressions; way of starting new cycles."",""Tension between the need to be in the foreground and the capacity to consider others needs; oscillation between healthy self assertion and egocentrism; sensitivity to any criticism of appearance or behavior."","
"Sun,2,""Identity is linked to possessions and stability"",""Sense of self is strongly based on what is owned and what feels secure. The person needs material and emotional stability to shine. Creating tangible results and building resources becomes a way to confirm self worth. They tend to be persistent and pragmatic in pursuing goals."",""Personal finances; values; talents; relationship to comfort and security."",""Conflict between desire for inner dignity and attachment to external security; fear of loss can block generosity and growth; clinging to routines even when life calls for change."","
"Sun,3,""Identity is expressed through learning and communication"",""Self expression flows through words movement and exchange of information. Curiosity and mental activity are central to feeling alive. The person wants to be heard and understood and can become the natural center in any conversation. Learning and teaching are core life themes."",""Communication style; siblings and peer relationships; everyday learning; short trips."",""Tension between breadth and depth of interests; risk of scattering energy on many topics; inner fear of being intellectually ordinary fueling constant mental agitation."","
"Sun,4,""Identity is rooted in family and inner world"",""Core sense of self is bound to home lineage and private life. The person seeks a strong emotional base and often feels responsible for the family system. Inner security and connection to roots are crucial for self expression in the outer world."",""Home and family; emotional foundations; relationship with parents and ancestry."",""Conflict between loyalty to family patterns and personal ambitions; tendency to stay in the past or in nostalgia when life demands movement forward; difficulty separating own needs from the family story."","
"Sun,5,""Strong need for creativity love and recognition"",""Self realization goes through play romance and creative projects. The person wants to shine through what they create and whom they love. There is a natural theatricality and desire for admiration. Children or creative works may become main stage of life."",""Romance; creativity; hobbies; children; self promotion."",""Conflict between genuine creativity and hunger for applause; tendency to dramatize experiences; risk of living only for pleasure and recognition while postponing deeper inner work."","
"Sun,6,""Identity is tied to work usefulness and mastery"",""Personality is structured through service and competence in daily tasks. The person feels alive when solving concrete problems and improving systems. There is a strong need to be useful and efficient which can lead to perfectionism and overwork."",""Daily work; health; routines; skills and service."",""Inner split between desire for flawless performance and need for rest; fear of mistakes leading to self criticism; risk of identifying only with the role of servant or specialist and forgetting broader life purpose."","
"Sun,7,""Identity is mirrored through partnerships"",""The sense of self is formed through close relationships. The person discovers who they are by facing significant others. There is a strong need for equality cooperation and recognition in partnership. Marriage or alliances become central stage for life drama."",""Marriage and partnerships; alliances; open opponents; public image in one to one contacts."",""Conflict between own will and partner expectations; risk of projecting strength or weakness onto others; fear of loneliness that can push into compromises against true self."","
"Sun,8,""Identity grows through crises and deep transformations"",""The person is drawn into intense experiences that require letting go of control and old forms. Self realization is tied to shared resources intimacy and confrontation with taboo topics. There is potential for deep inner power and regenerative strength."",""Shared finances; intimacy; psychological transformation; work with taboos and losses."",""Inner struggle between desire for control and necessity of surrender; fear of vulnerability in close bonds; attraction to extremes that can both empower and destroy; difficulty living in moderation."","
"Sun,9,""Identity is built around meaning beliefs and horizons"",""The person experiences life as a quest for higher truths. Self expression goes through study travel teaching or spiritual search. They need wide horizons and inspiring ideals to feel alive and generous."",""Higher education; philosophy and religion; long journeys; life vision."",""Conflict between faith in own truth and capacity to learn from others; risk of dogmatism or moralizing; avoidance of everyday details in favor of grand schemes; tension between freedom and responsibility."","
"Sun,10,""Identity is linked to vocation and status"",""Core sense of self is realized through career and social role. The person aims to be visible and respected in the outer world. Ambition and responsibility are strong and there is a tendency to identify with achievements and position."",""Career; reputation; relationship with authorities; long term goals."",""Conflict between public image and private needs; fear of failure or loss of status; risk of living only through work role; difficulty relaxing control and accepting vulnerability."","
"Sun,11,""Identity is expressed through groups and future projects"",""Self expression is tied to belonging to communities and participation in collective ideas. The person seeks like minded people and wants to contribute to something larger than personal life. Friendships and networks are central."",""Friendships; teams and communities; social ideals; personal dreams and projects."",""Tension between need for uniqueness and desire to belong; risk of dissolving individuality in group expectations or on the contrary of staying emotionally detached; fear of rejection by the tribe."","
"Sun,12,""Identity is connected to inner world and the invisible"",""Self sense is subtle and often hidden. The person feels life as a backstage process of sacrifice healing or service to something greater. There is strong sensitivity to collective unconscious and to others suffering."",""Retreat and solitude; subconscious patterns; spiritual search; work in closed institutions."",""Conflict between ego needs and call to dissolve personal boundaries; tendency to escape reality through fantasies or self sacrifice; difficulty defining clear identity and goals; fear of being misunderstood or invisible."","
"Moon,1,""Emotional nature is on the surface and quickly expressed"",""Feelings and moods are immediately visible in behavior and body language. The person seeks emotional contact and instinctively reacts to environment. There is strong need to be noticed and cared for as a unique individual."",""Immediate reactions; bodily habits; style of emotional self presentation."",""Conflict between spontaneity and fear of rejection; mood swings that affect self image; tendency to over identify with current feeling and forget deeper stable needs."","
"Moon,2,""Emotional security is tied to stability and possessions"",""The person calms down through predictable routines and tangible comfort. Food money and familiar objects become emotional anchors. There is strong attachment to what is owned and to simple sensory pleasures."",""Personal finances; food and body comfort; material safety."",""Inner struggle between need for security and fear of stagnation; tendency to hold on to things and relationships too long; anxiety when income or environment changes."","
"Moon,3,""Feelings are processed through thoughts and conversations"",""The person needs to talk write and exchange information to regulate emotions. Emotional life is changeable and stimulated by social contacts. Curiosity about others moods and stories is high."",""Everyday communication; relationships with siblings and neighbors; learning and short trips."",""Conflict between emotional depth and mental scattering; risk of rationalizing feelings instead of truly experiencing them; nervous tension when too much information flows."","
"Moon,4,""Strong need for home belonging and protection"",""Core emotional life unfolds in the private sphere. The person is very sensitive to atmosphere in family and strongly attached to traditions. Inner child seeks safety and warmth and often remains aligned with parental patterns."",""Home and family; memories; relation to parents and ancestry."",""Conflict between desire to stay in familiar nest and need to grow up; tendency to cling to past hurts; fear of being emotionally homeless which can delay necessary life moves."","
"Moon,5,""Emotions seek play romance and creativity"",""The person lives feelings through games love stories and creative self expression. There is strong need for admiration and heartfelt joy. Children or hobbies can become containers for intense emotional investment."",""Romantic life; children; creative projects; pleasures."",""Tension between desire for constant emotional excitement and need for stability; dramatization of feelings; risk of confusing love with attention; sensitivity to lack of recognition."","
"Moon,6,""Emotions are tied to work health and order"",""The person regulates feelings through useful tasks and small routines. Emotional state strongly influences physical health and work efficiency. There is need to care and be needed in everyday environment."",""Daily duties; relations with colleagues; body care and diet."",""Conflict between inner sensitivity and strict demands toward self; tendency to worry and to somatize anxiety; difficulty relaxing control over routines; fear of being useless."","
"Moon,7,""Emotional life is mirrored in partnerships"",""Feelings are projected onto significant others and fluctuate with relationship dynamics. The person seeks emotional balance through dialogue and cooperation. Need for closeness coexists with fear of conflict."",""Marriage and long term partnerships; negotiations; one to one encounters."",""Inner struggle between own needs and partner expectations; risk of dependency on others mood; avoidance of direct expression of anger to keep peace; fear of abandonment."","
"Moon,8,""Emotions are intense transformative and private"",""The person experiences feelings in extremes and often keeps them hidden. Strong need for deep bonding and emotional merging. Crises intimacy and shared resources trigger powerful inner processes."",""Intimacy; psychological depths; shared finances; themes of loss and rebirth."",""Conflict between desire for total fusion and fear of betrayal; tendency to emotional control or manipulation; difficulty letting go of past hurts; attraction to emotional dramas."","
"Moon,9,""Emotional security is linked to meaning beliefs and horizons"",""Feelings are soothed by broad perspectives learning and travel. The person needs inspiring ideas and faith in life to stay emotionally balanced. There is intuitive connection to foreign cultures or philosophies."",""Spiritual or philosophical search; long journeys; education and teaching."",""Tension between daily emotional needs and restless desire for expansion; risk of escaping feelings through ideals or travel; inner doubt about one s own beliefs."","
"Moon,10,""Emotions are tied to career and public role"",""The person is sensitive to social expectations and reputation. There is strong need to be useful and recognized by the outer world. Emotional patterns are often shaped by relation to authorities and parent figures."",""Career; social status; responsibility; public image."",""Conflict between private needs and professional duties; fear of emotional vulnerability in public; tendency to control feelings to stay competent; risk of burnout when success replaces inner nourishment."","
"Moon,11,""Emotional life flows through friendships and groups"",""The person is attached to communities and shared ideals. Feelings are stimulated by participation in projects and networks. There is need to feel included and emotionally safe among peers."",""Friends; teams; collective causes; future visions."",""Inner struggle between belonging and independence; fear of exclusion; tendency to intellectualize emotions in group contexts; difficulty with intimacy one to one."","
"Moon,12,""Emotional life is subtle hidden and porous"",""The person deeply feels the collective field and often absorbs moods of others. There is strong need for solitude imagination and spiritual connection. Dreams and symbolic experiences are rich."",""Inner world; unconscious patterns; retreat and withdrawal; compassion and service."",""Conflict between sensitivity and need for boundaries; tendency to escape into fantasy or sacrifice; difficulty naming own needs; risk of victim mentality when emotions overwhelm."","
"Mercury,1,""Mind is fast and strongly colors self image"",""Thinking and speaking style are central to how the person presents themselves. There is constant need to explain comment and understand everything around. Curiosity drives immediate action."",""Self presentation; body language; first impressions; personal decisions."",""Conflict between impulsive speech and later reflection; risk of nervousness and scattered efforts; fear of seeming foolish leading to over explaining."","
"Mercury,2,""Thinking focuses on security and practical value"",""The person evaluates ideas through usefulness and stability. There is talent for managing money and resources and for realistic planning. Speech is usually concrete and cautious."",""Personal finances; possessions; practical skills; evaluation of worth."",""Tension between desire for simple stable life and fear of poverty or loss; tendency to worry about material issues; resistance to abstract ideas that do not bring clear benefit."","
"Mercury,3,""Mind is at home in communication and learning"",""This is a very mental placement. The person loves information exchange and easily builds networks. There is quick perception versatility and capacity to juggle several tasks."",""Learning; speaking and writing; everyday contacts; short trips."",""Conflict between breadth and depth; tendency to superficial understanding; nervous restlessness when environment is too quiet; difficulty maintaining long focus."","
"Mercury,4,""Thinking is colored by memories and family patterns"",""The mind often turns to the past and to inner images. There is strong intuitive or emotional thinking style. Ideas are influenced by early family attitudes and home atmosphere."",""Family conversations; inner dialogue; reflection on roots and ancestry."",""Inner conflict between need for rational decisions and loyalty to inherited beliefs; tendency to think in circles around old stories; difficulty separating present facts from past emotions."","
"Mercury,5,""Mind seeks creative self expression and play"",""Ideas take artistic dramatic or romantic form. The person enjoys storytelling performance and speculative thinking. There is capacity to teach or entertain others through words."",""Creative projects; flirting and romance; work with children; hobbies requiring intellect."",""Tension between need for recognition of talents and fear of criticism; risk of exaggerating or dramatizing facts; difficulty separating creative fantasy from objective reality."","
"Mercury,6,""Mind is oriented toward details work and improvement"",""The person has analytical talent and focus on efficiency. Thoughts revolve around tasks schedules health and problem solving. There is potential for excellent technical or scientific work."",""Everyday job; organization; analysis; body care routines."",""Inner conflict between perfectionism and limited energy; tendency to worry and over analyze; difficulty switching off mind; risk of psychosomatic symptoms when mental stress is high."","
"Mercury,7,""Thinking is relational and dialectical"",""The person naturally sees two sides of any situation and seeks dialogue. Decisions are often made through consultation. There is talent for negotiation mediation and counseling."",""Partnership talks; contracts; diplomacy; public relations."",""Conflict between own opinion and desire to please others; indecision when too many options are weighed; tendency to mirror partner s thinking and lose personal stance."","
"Mercury,8,""Mind dives into depths and hidden motives"",""Thinking is intense investigative and often secretive. The person is drawn to psychology mysteries finance or taboo topics. There is capacity to see behind appearances and to transform through insight."",""Research; therapy; crisis management; joint resources and investments."",""Inner struggle between curiosity and fear of what will be uncovered; tendency toward obsessive thoughts; suspicion and mistrust that can complicate relationships."","
"Mercury,9,""Mind is philosophical and future oriented"",""The person seeks big pictures and meanings. Ideas quickly expand into worldviews. There is love for travel study and teaching. Beliefs play strong role in communication."",""Higher education; publishing; spiritual or ideological exploration; contact with foreigners."",""Conflict between abstract ideals and practical realities; risk of preaching or dogmatism; difficulty accepting limitations of current knowledge; impatience with detailed work."","
"Mercury,10,""Mind is focused on goals structure and reputation"",""Thinking serves ambition and long term planning. The person prefers rational approach to career and social responsibilities. Words can have weight in public sphere."",""Strategy; management; relations with authorities; professional communication."",""Inner conflict between personal opinions and need to follow official line; fear of mistakes in public; tendency to over control expression which can block spontaneity."","
"Mercury,11,""Mind is innovative and group oriented"",""The person thinks in terms of systems networks and future trends. There is attraction to unusual ideas science or social reforms. Friendships often revolve around shared intellectual interests."",""Group discussions; brainstorming; digital or social networks; visionary projects."",""Tension between originality and need for acceptance; risk of mental detachment from feelings; sudden changes of interest that disturb long projects."","
"Mercury,12,""Mind is sensitive imaginative and inward"",""Thoughts flow in images symbols and intuitions. The person easily absorbs information from subtle levels and may have talent for art psychology or spiritual studies. Logical structure can be weaker but empathy is strong."",""Dreams; unconscious patterns; behind the scenes work; spiritual or artistic reflection."",""Conflict between rational analysis and diffuse perception; tendency to confusion or forgetfulness; risk of self deceptive thinking; difficulty communicating inner experience clearly."","
"Venus,1,""Charm and style are central to self image"",""The person radiates attractiveness and seeks harmony in how they appear and act. Relationships and aesthetics strongly influence identity. There is often diplomatic friendly manner."",""Physical appearance; personal style; way of initiating contacts."",""Conflict between desire to be liked and need to be authentic; tendency to adapt too much; difficulty saying no; self worth may depend on external approval."","
"Venus,2,""Love of comfort and attachment to material values"",""The person seeks pleasure through stability possessions and sensual experiences. There is talent for finances beauty and practical arts. Relationships are often evaluated through security they bring."",""Money; possessions; body and senses; personal value system."",""Inner struggle between enjoyment and fear of dependency on comfort; risk of possessiveness in love; difficulty letting go of things or people that no longer support growth."","
"Venus,3,""Social charm in communication and learning"",""The person enjoys conversation and easily creates pleasant atmosphere in everyday contacts. There is talent for languages writing or sales. Curiosity extends to people and ideas."",""Everyday social life; studies; short trips with loved ones; relations with siblings."",""Conflict between desire to please everyone and need for clear opinions; tendency to superficial harmony instead of honest dialogue; scattering energy on many contacts."","
"Venus,4,""Need for beauty and warmth at home"",""Emotional and aesthetic satisfaction is sought in private sphere. The person invests love energy into family home and traditions. There is strong attachment to memories and intimate bonds."",""Home space; relation with parents and family; inner emotional base."",""Tension between loyalty to family expectations and personal relational needs; risk of holding onto old patterns out of attachment; fear of leaving comfort zone even when heart calls elsewhere."","
"Venus,5,""Strong romantic and creative drive"",""Love affairs play important role in self esteem. The person enjoys flirting art games and any form of self expression that brings joy. There is natural charisma with children and audience."",""Romance; artistic projects; leisure; children and playful environments."",""Inner conflict between sincere feelings and search for excitement; tendency to dramatize love; risk of addiction to pleasure and admiration; difficulty with everyday routine in relationships."","
"Venus,6,""Need for harmony in work and daily rituals"",""The person seeks pleasant atmosphere at workplace and may bring aesthetics into practical tasks. Acts of service become expressions of love. There is sensitivity to disorder and criticism."",""Work relationships; cooperation with colleagues; health habits; small gestures of care."",""Tension between desire to help and hidden resentment when efforts are not appreciated; risk of people pleasing through overworking; conflict between comfort and discipline in body care."","
"Venus,7,""Partnership is central value"",""The person strongly needs close relationship and strives for equality and beauty in union. There is talent for diplomacy and compromise. At the same time there can be dependence on partner opinion."",""Marriage; business partnerships; contracts; social presentation as a couple."",""Inner conflict between harmony and authenticity; fear of loneliness leading to concessions; idealization of partner; difficulty tolerating disharmony or open conflict."","
"Venus,8,""Intense passionate and transformative relating"",""Love is experienced as deep fusion and can involve themes of power jealousy and renewal. The person is drawn to psychological or financial intimacy and may magnetize strong experiences."",""Sexuality; shared resources; psychological bonding; artistic work with taboo themes."",""Conflict between desire for total merging and fear of loss of control; tendency to test loyalty; difficulty trusting; possibility of compulsive attachments or secret relationships."","
"Venus,9,""Seeking beauty and love in wide horizons"",""The person is attracted to foreign cultures philosophies and travels. Love can be found through study journeys or shared beliefs. There is idealistic approach to relationships and aesthetics."",""Travel; study; teaching; spiritual or ideological communities."",""Tension between romantic ideals and realistic limits; risk of projecting perfection onto distant or unavailable partners; difficulty with routine commitments."","
"Venus,10,""Value is linked to status and contribution"",""The person expresses affection through responsibility loyalty and support of partner s or own career. There is need to be respected for taste and relational skills in public sphere."",""Career; reputation; relations with authorities; public image of couple or collaborations."",""Inner conflict between personal happiness and social expectations; risk of choosing relationships for status; tendency to suppress feelings to stay professional."","
"Venus,11,""Friendship and shared ideals as form of love"",""The person values equality freedom and companionship in relationships. Love often starts from friendship. There is attraction to unusual people and social experiments."",""Friends; networks; group projects; future oriented collaborations."",""Conflict between need for closeness and need for independence; fear of emotional demands; tendency to stay in mental or group level and avoid vulnerability; sudden changes in affections."","
"Venus,12,""Subtle mystical and often hidden love"",""The person experiences love as sacrifice compassion or secret longing. There is high romantic imagination and sensitivity to suffering of others. Artistic and spiritual expression of love is favored."",""Retreat; behind the scenes relationships; charitable or artistic service."",""Inner struggle between unconditional love and self preservation; tendency to idealize or save others; risk of secret affairs or disappointment; difficulty setting healthy boundaries in affection."","
"Mars,1,""Direct, visible, and sometimes aggressive self-assertion"",""Mars in the 1st house gives a strong need to act independently and quickly. The person approaches life like a battle or competition and is often perceived as energetic or confrontational. They react fast to stimuli and prefer to initiate rather than wait. Physical body and behavior express anger and desire openly."",""Personal initiative; physical energy; immediate reactions; the way one starts projects and confronts reality."",""Tension between spontaneity and consideration of others; risk of impulsive decisions; conflicts triggered by impatience; difficulty recognizing own role in provoking confrontation."","""""
"Mars,2,""Energetic pursuit of security and material resources"",""Mars in the 2nd house pushes the person to actively earn and defend possessions. There is strong drive to build financial stability and to enjoy material pleasures. They can work very hard when there is a concrete goal but may also become stubborn and possessive."",""Earning money; protecting resources; using body strength for practical goals; building and defending values."",""Inner conflict between enjoyment and fear of loss; tendency to fight over money or property; risk of equating self worth with income; difficulty relaxing control around spending or sharing."","""""
"Mars,3,""Fast, sharp mind and energetic communication"",""Mars in the 3rd brings quick thinking, direct speech and a tendency to debate. The person acts through words and information exchange and may enjoy fast travel and multitasking. They often take initiative in discussions and decision making in their immediate environment."",""Communication; learning; relationships with siblings and neighbors; short trips and everyday logistics."",""Tendency to argue rather than dialogue; impatience with slower minds; scattered focus when too many tasks are started at once; nervous tension and irritability in daily contacts."","""""
"Mars,4,""Inner tension and strong will in family sphere"",""Mars in the 4th house brings drive and possible conflicts into home and family. The person feels compelled to act on private emotional needs, sometimes explosively. They may fight for their family or against family patterns. Energy is replenished or drained by domestic atmosphere."",""Home and family; ancestral issues; inner emotional base; real estate or work from home."",""Conflicts with parents or relatives; difficulty finding inner peace; tendency to store anger in the private sphere; risk of reproducing ancestral battles rather than transforming them."","""""
"Mars,5,""Passionate creativity and dramatic love expression"",""Mars in the 5th house makes love affairs, hobbies and self expression intense and fiery. The person actively seeks pleasure, risk and competition in games or sports. They want to win attention and may be bold in flirting and creativity."",""Romance; creative projects; sports and games; relationship with children."",""Conflict between desire for fun and responsibility; tendency to take unnecessary risks for excitement; jealousy or dominance in love; dramatization of conflicts with children or lovers."","""""
"Mars,6,""Strong work drive and critical, perfectionist action"",""Mars in the 6th house channels energy into tasks, service and efficiency. The person wants to do things properly and quickly, often taking on a lot of work. They can be an excellent problem solver but may become irritable when others are slower or less diligent."",""Daily job; relationships with colleagues; health routines; technical work and service."",""Risk of overwork and burnout; somatic symptoms from accumulated irritation; conflict with co workers about standards; difficulty accepting imperfection in self and others."","""""
"Mars,7,""Active, confrontational dynamics in partnerships"",""Mars in the 7th externalizes aggression and initiative through significant others. The person may attract energetic or combative partners and experience many conflicts or passionate exchanges in relationships. They often push for action in cooperation or negotiation."",""Marriage and partnerships; open enemies; contracts; legal matters and negotiations."",""Inner split between own will and projected anger; tendency to fight through partner rather than directly; oscillation between dependence and rebellion; fear of harmony without intensity."","""""
"Mars,8,""Intense drive for deep bonding, power and transformation"",""Mars in the 8th house expresses itself in crisis situations, financial entanglements and intimate unions. The person may be brave in confronting taboo themes and is drawn to psychological or occult work. There is potential for regeneration but also for destructive power struggles."",""Shared resources; sexuality; psychological transformation; work with crisis, death or other people’s money."",""Conflict between desire to control and need to surrender; jealousy and suspicion; attraction to risky or extreme experiences; difficulty living in simple, stable intimacy."","""""
"Mars,9,""Energetic search for truth, meaning and expansion"",""Mars in the 9th gives drive to explore new horizons through travel, study and philosophical battles. The person may passionately defend beliefs and is often restless in narrow environments. They act when inspired by vision or idea."",""Higher education; teaching; travel; religion and ideology."",""Tendency to fight for opinions instead of listening; impatience with different views; risk of reckless travel or decisions based on belief; conflict between faith and concrete responsibilities."","""""
"Mars,10,""Ambitious, disciplined action toward career goals"",""Mars in the 10th house produces strong ambition and capacity to work hard for recognition. The person wants to be effective and may seek leading roles. They act energetically in public sphere and can be perceived as assertive or authoritarian."",""Career; status; relationship with authorities; long term plans and achievements."",""Conflicts with bosses or subordinates; workaholism; difficulty separating personal identity from professional success; tendency to suppress vulnerability to remain in control."","""""
"Mars,11,""Energetic participation in groups and reforms"",""Mars in the 11th house channels drive into friendships, collective projects and social change. The person may be a fighter for ideals and an active member of communities. They often initiate group activities and debates."",""Friendships; teams; clubs; social movements; future oriented projects."",""Conflicts within groups; tendency to polarize communities; impatience with slower collective processes; alternation between enthusiastic involvement and abrupt withdrawal when frustrated."","""""
"Mars,12,""Hidden, diffused or self-directed aggression"",""Mars in the 12th house makes direct action difficult. Energy often turns inward or is expressed indirectly through dreams, fantasies or psychosomatic symptoms. The person may feel blocked and then act impulsively in moments of crisis. There is strong drive to help the weak or to work behind the scenes."",""Inner world; unconscious patterns; work in hospitals, prisons, retreats; spiritual or charitable action."",""Conflict between desire to act and fear of consequences; avoidance of open confrontation; tendency to sabotage own efforts; attraction to roles of savior or victim instead of clear assertion."","""""
"Jupiter,1,""Confident, expansive and optimistic self expression"",""Jupiter in the 1st house gives a broad, generous presence and a tendency to see life as an opportunity for growth. The person often appears optimistic and inspiring and may trust their luck. They need space for movement and development."",""Self image; personal freedom; first impressions; spontaneous reactions to new situations."",""Conflict between faith in luck and realistic assessment; tendency to overestimate abilities; risk of gaining weight or taking on too many projects; difficulty accepting limits."","""""
"Jupiter,2,""Growth through resources, stability and development of talents"",""Jupiter in the 2nd house supports financial opportunities and ability to attract material support, especially when the person trusts their talents. There is generous attitude toward possessions and strong interest in comfort and quality."",""Money; personal talents; possessions; value system and sense of worth."",""Tension between generosity and wastefulness; tendency to expand expenses together with income; risk of equating spiritual worth with material success; laziness when comfort is abundant."","""""
"Jupiter,3,""Curious, wide ranging mind and love of learning"",""Jupiter in the 3rd expands thinking, communication and contacts. The person enjoys exchanging ideas, traveling short distances and learning about many topics. They may be a natural teacher in daily life."",""Learning; communication; relations with siblings and neighbors; everyday mobility."",""Conflict between breadth and depth; tendency to talk more than listen; risk of superficial knowledge with strong opinions; scattering attention across many interests."","""""
"Jupiter,4,""Growth through family, roots and inner security"",""Jupiter in the 4th often indicates a supportive or culturally rich family environment, or a possibility to create such an environment later. The person may find expansion through real estate, work from home or connection to ancestry and homeland."",""Home and family; emotional foundations; relation to parents; property."",""Conflict between attachment to home comfort and need to explore outer world; tendency to overprotect family; risk of idealizing or moralizing family traditions; difficulty leaving familiar nest."","""""
"Jupiter,5,""Creative, playful and generous approach to life"",""Jupiter in the 5th house expands joy, creativity and romance. The person loves to express themselves, often has strong artistic or pedagogical talent and can be very generous in love. Life is perceived as a stage for play and self revelation."",""Romance; children; creative projects; hobbies and pleasure."",""Risk of excess in pleasure, spending or drama; tendency to assume that life will always be fun; difficulty accepting routine; conflict between responsibility and desire for continuous enjoyment."","""""
"Jupiter,6,""Growth through service, work and health improvement"",""Jupiter in the 6th brings opportunities in work, usually when the person chooses fields related to service, teaching or health. There is potential for positive attitude toward body and daily tasks, provided they do not overpromise."",""Job; cooperation with colleagues; health; pets and everyday duties."",""Tendency to take on too much work; risk of neglecting body through overconfidence; moralizing about lifestyle; difficulty respecting small limits such as time and energy constraints."","""""
"Jupiter,7,""Expansion through partnerships and cooperation"",""Jupiter in the 7th attracts significant relationships that broaden horizons. The person often meets mentors or foreign partners and may bring optimism into partnerships. They tend to believe in fairness and common growth in union."",""Marriage; business partnerships; contracts; open enemies and legal matters."",""Conflict between idealized partnership and real people; tendency to rely too much on partner s resources or wisdom; risk of avoiding solitude at all costs; legal or moral conflicts when promises are unrealistic."","""""
"Jupiter,8,""Growth through deep psychological work, intimacy and shared resources"",""Jupiter in the 8th house can bring help through partners finances, inheritance or investments when used wisely. There is also capacity for psychological depth and interest in taboo or occult topics. Crises often become growth opportunities."",""Shared money; sexuality; psychological transformation; contact with death and rebirth themes."",""Risk of financial speculation or overreliance on others resources; tendency to “play with fire” in emotional and sexual life; attraction to intense experiences without enough caution."","""""
"Jupiter,9,""Natural affinity with expansion, travel and higher knowledge"",""Jupiter in the 9th is very strong: the person feels called to explore the world through study, teaching, philosophy or spiritual search. There is trust in life and desire to connect cultures and worldviews."",""Higher education; religion; long journeys; teaching; law and ethics."",""Conflict between tolerance and dogmatism; risk of preaching or believing they know better; overlooking practical details; escapism into travel or ideals when reality is uncomfortable."","""""
"Jupiter,10,""Growth and recognition in career and social status"",""Jupiter in the 10th house supports advancement in profession, especially when person follows meaningful vocation. They often attract respect and opportunities to hold positions of authority or to represent something larger."",""Career; public image; relation to authorities; long term ambitions."",""Tension between ethical ideals and real compromises in career; risk of arrogance or moral superiority; tendency to overestimate capabilities and take on too much responsibility."","""""
"Jupiter,11,""Expansion through friends, networks and collective ideals"",""Jupiter in the 11th brings beneficial contacts and support from groups. The person is often a social connector and visionary, drawn to projects that help communities. Friendships can be inspiring and international."",""Friends; associations; clubs; humanitarian projects; personal dreams."",""Risk of relying on luck in collective projects; scattering energy among many groups; difficulty maintaining boundaries with friends; disappointment when ideals clash with real group dynamics."","""""
"Jupiter,12,""Inner, spiritual and subconscious expansion"",""Jupiter in the 12th house supports hidden protection and potential for deep spiritual or psychological growth. The person often receives help at critical moments and may feel drawn to retreat, charity or inner exploration. Intuition is strong."",""Retreats; spiritual practices; work in hospitals, prisons and closed institutions; unconscious patterns and dreams."",""Conflict between faith in invisible help and passive avoidance of responsibility; risk of self sacrifice without discernment; escapism into fantasy or spirituality to avoid concrete challenges."","""""
"Saturn,1,""Serious, controlled self image and cautious initiative"",""Saturn in the 1st house gives a reserved, responsible approach to life. The person tends to control their impulses and carefully consider how they appear to others. Often there is early experience of criticism or heavy expectations that makes them mature quickly. They may carry strong sense of duty and self discipline from a young age."",""Self image; physical body; style of starting things; immediate reactions to life."",""Conflict between wish to be spontaneous and fear of making mistakes; tendency to self restriction and pessimism; harsh self judgment about appearance or behavior."","""""
"Saturn,2,""Strong focus on material responsibility and self worth"",""Saturn in the 2nd house emphasizes the need to build stable resources through effort. The person may experience delays or tests in finances, which push them toward discipline and realistic planning. Over time, they can develop solid sense of value and practical reliability."",""Money; possessions; personal talents; attitude to security and comfort."",""Inner tension between fear of poverty and desire for enjoyment; risk of stinginess or over control of resources; tendency to underestimate own talents and demand too much proof of worth."","""""
"Saturn,3,""Disciplined, sometimes inhibited communication and thinking"",""Saturn in the 3rd makes the mind serious, structured and cautious. The person often takes time to form opinions and may speak less but with more weight. Early schooling or relationships with siblings can bring responsibility or feelings of inadequacy that later become intellectual strength."",""Learning; everyday communication; siblings and neighbors; local environment."",""Conflict between need for clear expression and fear of looking foolish; tendency to overthink simple matters; difficulty with small talk; possible social anxiety in casual settings."","""""
"Saturn,4,""Heavy sense of duty toward family and inner security"",""Saturn in the 4th house shows strong karmic themes in family and roots. The person may feel burdened by domestic obligations or emotionally distant atmosphere at home. They are pushed to build inner stability through conscious work with past and ancestry."",""Home; parents; emotional foundations; property and living conditions."",""Struggle between loyalty to family patterns and need for personal life; tendency to emotional withdrawal; fear of vulnerability; feeling “never enough” for family expectations."","""""
"Saturn,5,""Controlled creativity and serious approach to love and self expression"",""Saturn in the 5th house often limits spontaneous play and romance in early life, bringing shyness or fear of exposure. The person learns to take creativity, pleasure and children seriously. Later they can become reliable mentor, educator or creative professional with strong work ethic."",""Romance; children; hobbies; creative projects and self promotion."",""Conflict between desire for joy and dread of failure or ridicule; tendency to delay pleasure until work is done; risk of harsh self criticism in artistic or romantic expression."","""""
"Saturn,6,""High standards and strong responsibility in work and health"",""Saturn in the 6th house pushes the person to take duties, routines and body care very seriously. They may feel that everything depends on their effort and can become indispensable worker. With time they develop mastery and endurance in service roles."",""Daily job; cooperation with colleagues; health; organization and systems."",""Inner tension between perfectionism and limited energy; risk of chronic overwork and psychosomatic problems; difficulty delegating; fear of being useless or replaceable."","""""
"Saturn,7,""Serious, demanding approach to partnerships"",""Saturn in the 7th house makes relationships a field of tests and long term commitments. The person may experience delays in marriage or attract older or very responsible partners. Contracts and alliances are not taken lightly and can become karmic lessons."",""Marriage; business partnerships; legal agreements; declared enemies."",""Conflict between fear of loneliness and fear of dependency; tendency to stay in difficult relationships out of duty; projection of authority or criticism onto the partner; rigidity in expectations."","""""
"Saturn,8,""Intense lessons around control, intimacy and shared resources"",""Saturn in the 8th house confronts the person with limits in finances, sexuality or psychological merging. They may fear loss of control and therefore restrict sharing. Through crises they can develop deep maturity in managing joint resources and emotional depth."",""Shared money; debts and taxes; sexuality; psychological transformation; contact with death."",""Inner struggle between desire for deep bonding and fear of dependence; tendency to emotional or financial control; anxiety around loss and betrayal; difficulty trusting others completely."","""""
"Saturn,9,""Structured search for truth and disciplined worldview"",""Saturn in the 9th brings responsibility to teaching, studying or representing beliefs. The person may experience blocks or delays in higher education or travel, which push them to define their philosophy carefully. They can become serious teacher or expert."",""Higher education; religion and philosophy; long journeys; law and ethics."",""Conflict between skepticism and need for faith; risk of rigid dogmatism; fear of being wrong in worldview; difficulty relaxing control and allowing experiments in ideology or life path."","""""
"Saturn,10,""Strong ambition, sense of duty and career responsibility"",""Saturn in the 10th house emphasizes achievement and social status as central life tasks. The person often feels watched or judged by authorities and strives to meet high standards. With effort they can reach stable position of respect and authority themselves."",""Career; reputation; relationship with superiors; long term goals."",""Inner tension between outer success and inner needs; fear of failure; over identification with work role; potential coldness or distance in pursuit of status; difficulty delegating control."","""""
"Saturn,11,""Serious attitude to friends, groups and long term plans"",""Saturn in the 11th makes social life and ideals more structured and demanding. The person may have few but loyal friends and can take strong responsibility in organizations or communities. They value stable, reliable networks and realistic goals."",""Friendships; associations; collectives; personal long term projects and dreams."",""Conflict between desire to belong and fear of rejection; tendency to isolate when disappointed; pessimism about future or humanity; difficulty trusting informal groups."","""""
"Saturn,12,""Unconscious fears and karmic limitations seeking conscious integration"",""Saturn in the 12th house often indicates hidden guilt, fears or patterns of self denial. The person may feel burdened by unspecified responsibilities or heaviness without clear cause. With awareness they can build inner discipline, spiritual maturity and capacity to help others in crises."",""Inner world; isolation; hospitals, prisons and retreat spaces; spiritual practice; subconscious patterns."",""Inner conflict between need for structure and desire to escape; tendency to self sabotage and secret worries; difficulty asking for help; risk of feeling victim of fate until responsibility is accepted."","""""
"Uranus,1,""Strongly individualistic, unpredictable self expression"",""Uranus in the 1st house gives original appearance and behavior. The person instinctively resists norms and prefers to act in their own way. They can surprise others with sudden decisions and changes of direction. Freedom is felt as basic need."",""Personal style; body language; way of starting projects; immediate reactions."",""Conflict between need for independence and need for stable identity; tendency to rebel even when unnecessary; difficulty accepting limitations; risk of shocking behavior that isolates them."","""""
"Uranus,2,""Unconventional attitude to money, possessions and values"",""Uranus in the 2nd house brings unstable but inventive approach to finances. The person may have irregular income or unusual ways of earning. They often value freedom more than security and experiment with different lifestyles."",""Earning money; personal possessions; body and sensual experiences; hierarchy of values."",""Inner tension between desire for financial independence and resistance to routine; risk of sudden losses or gains; difficulty committing to long term material plans; tendency to overspend on “freedom” projects."","""""
"Uranus,3,""Original thinking and unconventional communication style"",""Uranus in the 3rd house makes the mind quick, inventive and non linear. The person loves new ideas, technology and unusual ways of learning. They may communicate in sharp, surprising, sometimes abrupt manner."",""Learning; speaking and writing; relations with siblings and neighbors; short trips."",""Conflict between need for mental freedom and obligations of daily communication; impatience with conventional thinking; nervous tension and overload from constant stimulation; difficulty listening patiently."","""""
"Uranus,4,""Restless home base and non traditional family patterns"",""Uranus in the 4th house often indicates unusual family structure or many changes in residence. The person seeks freedom in their private life and may reject traditional roles. They need space and originality in home environment."",""Home; relationship with parents; inner emotional base; property and living arrangements."",""Inner split between need for emotional security and need for independence; tendency to break attachments suddenly; difficulty staying long in one place; possible instability in domestic life if freedom is not consciously integrated."","""""
"Uranus,5,""Experimental creativity and unconventional love life"",""Uranus in the 5th house brings originality into romance and self expression. The person is attracted to unusual partners or non standard forms of pleasure. Creativity can be innovative and ahead of its time, often linked with technology or progressive ideas."",""Romantic relationships; artistic projects; hobbies; relationship with children."",""Conflict between need for excitement and fear of routine; sudden crushes and abrupt endings; difficulty with steady commitment; tension in relationship with children if they resist control or follow non standard paths."","""""
"Uranus,6,""Non standard approach to work, habits and health"",""Uranus in the 6th house produces need for freedom in job and daily schedules. The person may change workplaces frequently or work in innovative fields. They also experiment with diets and health methods, sometimes erratically."",""Workplace; cooperation with colleagues; daily routines; body care and technical tasks."",""Inner struggle between requirement for reliability and desire for variety; sudden stress or health fluctuations when life is too rigid; difficulty tolerating monotonous tasks; risk of accidents if attention is scattered."","""""
"Uranus,7,""Unconventional, freedom oriented partnerships"",""Uranus in the 7th house magnetizes unusual relationships, often with independent or eccentric partners. The person values equality and personal space in union and may prefer non traditional formats. Partnerships can start and end suddenly."",""Marriage; business partnerships; negotiations; declared enemies."",""Conflict between hunger for closeness and fear of restriction; tendency to provoke breaks when relationship feels too predictable; alternating between idealization of freedom and fear of abandonment; unstable alliances if rules are unclear."","""""
"Uranus,8,""Sudden changes in intimacy, shared finances and psychological states"",""Uranus in the 8th house brings unexpected events in areas of joint resources, debts, inheritances or deep emotional bonds. The person is drawn to exploring taboo topics and may experience breakthroughs in psychological understanding."",""Shared money; sexuality; therapy and research; crisis situations and transformation."",""Tension between desire for intense experiences and fear of losing control; abrupt shifts in emotional or financial ties; potential shocks if risk taking is unconscious; difficulty trusting steady intimacy."","""""
"Uranus,9,""Rebellious beliefs and attraction to unusual knowledge and travel"",""Uranus in the 9th house creates a need to explore unconventional philosophies, alternative education and unusual cultures. The person often rejects dogmas and may change life direction suddenly after insights or revelations."",""Higher education; religion and worldview; long journeys; teaching and publishing."",""Conflict between desire to question everything and need for stable orientation; risk of ideological extremism; tension with traditional authorities or institutions; restlessness when life becomes too predictable."","""""
"Uranus,10,""Innovative career path and non standard relationship to authority"",""Uranus in the 10th house brings irregular career trajectory and need for autonomy in public life. The person may choose progressive professions or introduce reforms into existing structures. They resist rigid hierarchies."",""Career; reputation; relation to authorities; long term ambitions."",""Inner conflict between longing for recognition and refusal to follow conventional rules; sudden career changes; clashes with bosses; risk of instability if rebellion is not channeled into constructive innovation."","""""
"Uranus,11,""Strong drive for freedom in groups and social experimentation"",""Uranus in the 11th house amplifies individuality within teams and communities. The person is drawn to alternative networks, subcultures or social movements. They often act as catalyst for change in groups."",""Friends; associations; collective projects; social ideals and future vision."",""Tension between need to belong and desire to stay different; conflicts in groups when they push reforms too fast; tendency to disappear from communities when feeling restricted; difficulty with long term group commitments."","""""
"Uranus,12,""Highly sensitive, erratic inner world and sudden spiritual awakenings"",""Uranus in the 12th house brings unexpected insights from unconscious and rapid shifts in inner states. The person may experience sudden awakenings, strange dreams or interest in esoteric subjects. They need periods of solitude to process inner electricity."",""Inner life; subconscious patterns; retreats and hospitals; spiritual and psychological work behind the scenes."",""Conflict between wish for peace and restless inner energy; risk of anxiety or sleep disturbances; tendency to escape or dissociate when overwhelmed; difficulty explaining inner experiences to others, which can increase sense of isolation."","""""
"Neptune,1,""Subtle, elusive self image and porous boundaries"",""Neptune in the 1st house gives a soft, often changeable presence. Others may perceive the person through projections, as they tend to mirror the environment unconsciously. There is strong sensitivity and empathy, but also risk of losing clear sense of self. They may be drawn to artistic, spiritual or helping roles and often feel “transparent” or misunderstood."",""Self image; body and aura; first impressions; style of reacting to life."",""Conflict between need for clear identity and tendency to dissolve into others expectations; susceptibility to idealization or victim roles; difficulty saying no; temptation to escape into fantasy when reality feels too harsh."","""""
"Neptune,2,""Idealized or confused relationship to money, body and values"",""Neptune in the 2nd house makes material world emotionally and symbolically charged. The person may experience periods of financial fog, self deception about resources or generosity without boundaries. They can also have refined artistic taste and capacity for subtle work with the body or nature when grounded."",""Money; possessions; sensual pleasures; personal value system."",""Tension between desire for spiritual simplicity and need for practical stability; risk of self sacrifice in financial matters; difficulty pricing own work realistically; escapist spending or neglect of basic needs."","""""
"Neptune,3,""Imaginative, symbolic thinking and poetic communication"",""Neptune in the 3rd house colors the mind with images, intuition and sensitivity to non verbal messages. The person may communicate subtly, through hints, metaphors or art. They can absorb atmosphere of conversations and may be gifted in writing, music or film. Yet facts can be blurred and attention diffuse."",""Learning; everyday communication; relations with siblings and neighbors; short trips."",""Conflict between clear, logical expression and tendency to drift; susceptibility to misunderstandings and gossip; risk of passive lying or omission to avoid conflict; difficulty concentrating on dry information."","""""
"Neptune,4,""Mystical, nostalgic or unclear atmosphere in family and home"",""Neptune in the 4th house suggests subtle, often unspoken emotional currents in the family. There can be idealization of parents, confusion about roles, or secrets. The person may long for an ideal home and be especially sensitive to space, light, music and emotional climate in their dwelling."",""Home; relation to parents and ancestry; inner emotional base; property."",""Inner struggle between loyalty to family myths and need for truth; tendency to escape into memories or dreams instead of acting; difficulty setting clear boundaries with family; risk of playing rescuer or victim at home."","""""
"Neptune,5,""Romantic, idealistic creativity and love life"",""Neptune in the 5th house brings strong imagination to art, romance and play. The person may fall in love with ideals or distant figures and see relationships through a poetic lens. Creative potential is high, especially in music, film, dance or any symbolic art. Children can be sources of inspiration and concern."",""Romance; hobbies; artistic self expression; relation to children and audiences."",""Conflict between ideal love and real partners; tendency to self deception in affairs; risk of sacrificing too much for love or for children; difficulty finishing creative projects due to perfectionism or diffuse energy."","""""
"Neptune,6,""Sensitive, diffuse approach to work and health"",""Neptune in the 6th house makes the person highly receptive to atmosphere at workplace and to subtle signals of the body. They may be drawn to healing, service, artistic or spiritual jobs, but can struggle with routine and clear structure. Health may mirror emotional and spiritual state strongly."",""Daily job; cooperation with colleagues; health and diet; pets and everyday service."",""Tension between willingness to help and difficulty setting limits; risk of overwork in saving roles; psychosomatic sensitivity; confusion about duties; escapism through illness or vagueness when tasks feel too rigid."","""""
"Neptune,7,""Idealization and spiritualization of partnerships"",""Neptune in the 7th house paints relationships with romantic, spiritual or savior–victim themes. The person may seek a soulmate, healer or someone to rescue. They can be compassionate partners, but may ignore red flags and project ideal images onto others."",""Marriage; business partnerships; close one-to-one relations; contracts."",""Inner conflict between longing for perfect union and fear of disappointment; risk of deception (self or other); tendency to avoid clear agreements; difficulty distinguishing compassion from self betrayal in relationship."","""""
"Neptune,8,""Mystical, intense merging and subtle power dynamics"",""Neptune in the 8th house adds spiritual or chaotic tone to shared resources, sexuality and psychological depths. The person may experience unspoken entanglements, unclear finances or karmic-feeling bonds. They are often drawn to healing, esoteric or therapeutic work with others pain."",""Shared money; sexuality; deep psychological processes; crisis and rebirth."",""Conflict between surrender and boundaries; risk of hidden financial or emotional dependencies; attraction to wounded or addictive partners; difficulty seeing power dynamics clearly; temptation to sacrifice self in the name of “higher love”."","""""
"Neptune,9,""Visionary beliefs and spiritualized worldview"",""Neptune in the 9th house inspires search for transcendence through religion, philosophy, art or travel. The person is sensitive to symbols and myths and may be drawn to mysticism or alternative spirituality. They can be inspiring teachers or guides when grounded."",""Higher education; religion and philosophy; long journeys; teaching and publishing."",""Tension between faith and discernment; risk of blind devotion to teachers or ideologies; avoidance of everyday responsibilities through spiritual bypassing; disappointment when ideals fail human reality."","""""
"Neptune,10,""Dreamlike vocation and blurred boundaries in public role"",""Neptune in the 10th house gives a calling that often involves art, healing, spirituality, media or collective imagination. The person may become an ideal or projection for others and can struggle to define concrete career path. Reputation can be ambiguous or influenced by rumors."",""Career; social status; relation to authorities; long term goals."",""Conflict between inner calling and outer expectations; risk of glamour illusions or scandals; difficulty dealing with practical career steps; tendency to drift rather than choose clearly; sacrifice of personal needs for vague “mission”."","""""
"Neptune,11,""Utopian ideals and sensitive group involvement"",""Neptune in the 11th house brings vision of ideal community, friendship and future. The person may engage in humanitarian, artistic or spiritual groups, seeking shared inspiration. They are sensitive to group mood and can be disappointed when reality falls short of the dream."",""Friends; networks; collectives; social ideals and future projects."",""Tension between desire for pure, selfless community and imperfections of human groups; susceptibility to group illusions or cult dynamics; difficulty setting boundaries with friends; risk of losing personal direction in collective dreams."","""""
"Neptune,12,""Extremely porous, mystical and karmic inner world"",""Neptune in the 12th house amplifies dreams, intuition and connection to collective unconscious. The person is highly receptive to invisible influences and may feel both supported and overwhelmed by subtle realms. There is strong potential for spiritual growth, healing and artistic inspiration when grounded."",""Retreats; spiritual practice; unconscious patterns; hospitals, prisons and behind-the-scenes work."",""Conflict between sensitivity and need for structure; escapism into fantasy, substances or spiritual fog; tendency toward martyr or savior roles; difficulty differentiating own emotions from collective field; fear of abandonment by the divine."","""""
"Pluto,1,""Intense, transformative presence and strong will"",""Pluto in the 1st house gives magnetic, sometimes intimidating aura. The person radiates depth and power, often provoking strong reactions from others. Life brings repeated identity crises that push them to shed old skins and claim authentic strength."",""Self image; physical presence; way of confronting life; instinctive reactions."",""Inner conflict between desire to control everything and fear of being controlled; tendency to extremes in behavior; suspicion of others motives; difficulty showing vulnerability; potential for self destructive actions when power is denied."","""""
"Pluto,2,""Deep attachment and transformation around resources and worth"",""Pluto in the 2nd house intensifies relationship to money, possessions and self esteem. The person may experience financial crises, inheritances or drastic changes in values. They can be powerful in managing resources but risk compulsive hoarding or risky control."",""Money; possessions; body and sensuality; personal values."",""Tension between security and necessary letting go; fear of poverty or dependence; risk of manipulative financial behavior; difficulty trusting that value does not only come from material control."","""""
"Pluto,3,""Penetrating mind and transformative communication"",""Pluto in the 3rd house brings depth to thinking and speech. The person is curious about taboo topics and hidden motives, and can be sharp, sometimes cutting, in conversation. Sibling or neighbor relationships may be intense or karmic."",""Learning; communication; local environment; siblings and close relatives."",""Conflict between desire to uncover truth and fear of exposing own vulnerability; tendency to dominate conversations; suspicion and mental obsessions; risk of verbal power games or manipulation."","""""
"Pluto,4,""Profound transformation in family and emotional foundations"",""Pluto in the 4th house signals deep karmic processes in family history. The person may witness or experience powerful events at home that push them to break generational patterns. Emotional roots are intense and require conscious work to avoid repeating destructive dynamics."",""Home; parents; ancestry; psychological foundations; real estate."",""Inner conflict between loyalty to family and need to free oneself; fear of emotional dependence; potential for control or secrecy within home; difficulty feeling safe enough to relax defenses."","""""
"Pluto,5,""Passionate creativity and intense, sometimes dramatic love life"",""Pluto in the 5th house brings deep emotional charge to romance, creativity and dealings with children. The person may experience obsessive loves, creative compulsions or karmic relationships with offspring. They seek authenticity and intensity rather than light entertainment."",""Romance; hobbies; artistic expression; relationship with children and audiences."",""Tension between desire for total emotional involvement and fear of losing control; jealousy and power struggles in love; risk of using creativity or children as stage for unresolved inner drama."","""""
"Pluto,6,""Transformational approach to work, health and service"",""Pluto in the 6th house pushes the person to radically change lifestyle, work methods and health habits. They may become experts in crisis management, diagnostics or deep improvement of systems. Work situations can be intense and sometimes toxic until they claim their power consciously."",""Job; cooperation with colleagues; health and body routines; technical systems."",""Inner conflict between need for control and reality of shared workplaces; risk of burnout in obsessive perfectionism; somatic expression of psychological conflicts; attraction to crisis-prone environments."","""""
"Pluto,7,""Powerful, transforming partnerships and confrontations"",""Pluto in the 7th house manifests through intense relationships where power, control and deep emotions play major roles. The person may attract strong-willed partners and experience fated unions or conflicts. Through these mirrors they are forced to confront their own shadow."",""Marriage; business partnerships; open enemies; legal disputes."",""Conflict between desire for fusion and fear of being dominated; tendency toward manipulation or testing in relationships; difficulty ending destructive alliances; potential extremes between dependence and total break."","""""
"Pluto,8,""Radical transformation, confronting taboos and deep psychological work"",""Pluto in the 8th house is very strong. The person is called to face themes of death, sexuality, shared resources and deep unconscious patterns. They may be drawn to psychology, occult, healing or financial power. Life brings crises that lead to rebirth when faced consciously."",""Shared money; sexuality; therapy; crisis and rebirth; investigation of hidden realities."",""Inner struggle between fascination with depth and fear of losing control; risk of obsessive relationships or financial entanglements; attraction to dangerous or extreme experiences; tendency to hold grudges."","""""
"Pluto,9,""Intense, transformative beliefs and worldview"",""Pluto in the 9th house indicates radical changes of philosophy, religion or life direction. The person may go through periods of fanaticism and later deep revision of beliefs. They can be powerful teachers or reformers when they integrate shadow of ideology."",""Higher education; religion; long journeys; law and ethics; teaching."",""Conflict between conviction and tolerance; risk of imposing beliefs; moral absolutism; power struggles with teachers, students or authorities; crisis when worldview collapses and must be rebuilt."","""""
"Pluto,10,""Power, control and transformation in career and public role"",""Pluto in the 10th house points to intense ambition or strong impact on structures of society. The person may be involved in large organizations, politics or crisis management. Their career path is marked by deep turning points and potential for authority."",""Career; reputation; relation to authorities; long term goals."",""Inner conflict between using power for personal control or collective good; fear of downfall; potential for ruthless or manipulative behavior when threatened; difficulty stepping back from work to attend to private life."","""""
"Pluto,11,""Deep involvement in groups and collective transformation"",""Pluto in the 11th house brings powerful experiences in friendships, networks and movements. The person may participate in radical reforms or intense group processes. Friend circles can be catalysts for profound change, for better or worse."",""Friends; associations; social causes; personal long range projects."",""Tension between individuality and collective pressure; risk of group power games; attraction to extreme or fanatical circles; fear of exclusion that may lead to self censorship or, conversely, rebellion."","""""
"Pluto,12,""Hidden, karmic transformation and confrontation with the unconscious"",""Pluto in the 12th house points to deep unconscious material and generational patterns. The person may feel strong inner pressure without clear source and be drawn to therapy, mysticism or solitary work. They have potential to transform collective shadow when they bravely face their own."",""Inner world; isolation; hospitals and prisons; spiritual practice; unconscious fears and drives."",""Conflict between need for control and fact that many processes happen invisibly; risk of self sabotage and secret obsessions; fear of madness or loss of control; difficulty trusting others with inner truth, which can intensify loneliness."","""""
"Chiron,1,""Wound and healing path around identity and self assertion"",""Chiron in the 1st house indicates early experiences of feeling “wrong” simply for being oneself. The person may feel physically or personally different and fluctuate between hiding and overcompensating. Their life path involves learning to accept and show their uniqueness, becoming a guide for others struggling with self image."",""Self image; bodily expression; first impressions; initial reactions to challenges."",""Inner conflict between desire to stand out and fear of rejection; tendency to compare self to others and feel deficient; risk of adopting artificial personas to mask insecurity; recurring themes of shame around visibility."","""""
"Chiron,2,""Wound and healing around self worth, body and security"",""Chiron in the 2nd house often reflects painful experiences with money, possessions or body image. The person may feel they never have enough or are never enough. Through working with values, they can become wise advisers on self esteem and material healing."",""Money; possessions; body and senses; personal values and talents."",""Tension between longing for stability and fear of dependence; risk of underpricing own work or clinging to things; feelings of guilt when enjoying comfort; using consumption or asceticism as compensation for unhealed worth issues."","""""
"Chiron,3,""Wound and healing in communication and learning"",""Chiron in the 3rd house points to difficulties with school, speech, siblings or being heard. The person may internalize message that their thoughts or words are flawed. Later they can become excellent teachers, writers or counselors who help others find their voice."",""Learning; everyday communication; siblings and neighbors; short trips."",""Inner conflict between need to speak and fear of saying something wrong; oscillation between silence and verbal overcompensation; tendency to self censor; pain around misunderstandings or intellectual comparison."","""""
"Chiron,4,""Wound and healing around family, origin and inner safety"",""Chiron in the 4th house is often linked to feeling emotionally homeless or different from one’s family. There may be literal or symbolic fractures in the sense of belonging. With time, the person can become healer of family line and creator of safe spaces for others."",""Home; parents; ancestry; inner emotional foundation."",""Tension between loyalty to family and need to protect own sensitivity; risk of repeating ancestral wounds; self isolation to avoid being hurt; deep sadness around childhood that surfaces in waves."","""""
"Chiron,5,""Wound and healing in creativity, joy and love expression"",""Chiron in the 5th house may show as shame or pain around being visible in play, art or romance. The person can feel “not talented enough” or fear ridicule in love. Healing comes through reclaiming playful spontaneity and supporting others in expressing themselves."",""Romance; artistic projects; hobbies; relation to children and audiences."",""Inner conflict between desire to shine and fear of exposure; tendency to hide talents or sabotage opportunities; overcompensation through excessive drama; guilt and worry about children or creative products."","""""
"Chiron,6,""Wound and healing around work, usefulness and health"",""Chiron in the 6th house highlights painful sensitivity to criticism about performance, body or daily functioning. The person may suffer from chronic minor ailments or feel perpetually not good enough at work. They can become gifted healers or analysts who deeply understand human imperfection."",""Daily work; cooperation with colleagues; health and routines; service roles."",""Tension between perfectionism and limited strength; tendency to overwork to deserve love; psychosomatic symptoms expressing unspoken pain; difficulty accepting help; self worth tied to productivity."","""""
"Chiron,7,""Wound and healing around partnership and equality"",""Chiron in the 7th house often brings relational wounds: rejection, betrayal, triangulation or feeling invisible in couples. The person learns about self through painful mirrors. Later they may become wise relationship guides or mediators."",""Marriage; close partnerships; contracts; declared opponents."",""Inner conflict between longing for fusion and fear of hurt; tendency to attract wounded partners; self abandonment to keep peace; projecting pain onto others; repeating patterns of unequal relationships until consciousness grows."","""""
"Chiron,8,""Wound and healing in intimacy, trust and deep sharing"",""Chiron in the 8th house is associated with difficult experiences regarding sexuality, shared money or emotional fusion. The person may fear invasion or abandonment and yet crave deep connection. When integrated, they can powerfully support others through trauma and crisis."",""Shared finances; sexuality; psychological transformation; death and rebirth themes."",""Tension between control and surrender; jealousy and suspicion; attraction to complex or painful entanglements; fear of being seen fully; difficulty trusting that vulnerability can be safe."","""""
"Chiron,9,""Wound and healing around beliefs, meaning and life direction"",""Chiron in the 9th house may reflect disillusionment with religion, teachers or promise of education. The person can feel lost between cultures or worldviews. Over time they forge personal philosophy and help others integrate doubt and faith."",""Higher education; long journeys; spirituality and ideology; teaching and mentoring."",""Inner conflict between desire for absolute truth and awareness of complexity; oscillation between dogmatism and cynicism; tendency to idealize or demonize teachers; fear of committing to a path."","""""
"Chiron,10,""Wound and healing around vocation, status and authority"",""Chiron in the 10th house relates to painful experiences with career, recognition or parental authority. The person may feel they fail publicly or never reach expectations. With growth they embody a more humane model of leadership and success."",""Career; social status; relation to authorities; life goals."",""Tension between ambition and fear of exposure; risk of sabotaging success to avoid responsibility; strong inner critic; tendency to overidentify with professional failures or to work excessively to prove worth."","""""
"Chiron,11,""Wound and healing in friendship, belonging and ideals"",""Chiron in the 11th house shows sensitivity to group acceptance. The person may have felt excluded, used or misunderstood by peers. They are called to find or build communities that honor uniqueness and can later guide others through similar experiences."",""Friends; groups; social networks; long term projects and ideals."",""Inner conflict between desire to belong and fear of rejection; tendency to stay on margins of groups; difficulty trusting collective structures; attraction to wounded communities; grief about lost friendships."","""""
"Chiron,12,""Wound and healing around isolation, unconscious pain and spiritual connection"",""Chiron in the 12th house indicates deep, often hidden suffering that may not have clear origins. The person can carry collective or ancestral pain and feel alone with it. They are called to transform this into compassion and subtle healing for themselves and others."",""Inner world; retreats; hospitals and prisons; spiritual and psychological processes."",""Conflict between urge to withdraw and need for contact; risk of victim–savior patterns; escapism into fantasy or addictions; difficulty naming and sharing pain; fear that if they stop helping others they will face their own wounds fully."","""""